cores,execution_time
2,6.301609
3,4.390045
4,3.704938
